{"cameraMode":{"drawMode":0,"name":"Shaded","section":"Shading Mode"},"sceneLighting":false,"audioPlay":false,"sceneViewState":{"m_AlwaysRefresh":false,"showFog":true,"showSkybox":false,"showFlares":true,"showImageEffects":true,"showParticleSystems":true,"showVisualEffectGraphs":true,"m_FxEnabled":true},"in2DMode":false,"pivot":{"x":95.11447143554688,"y":28.687116622924806,"z":38.396610260009769},"rotation":{"x":-0.016883568838238717,"y":0.9810444712638855,"z":-0.10044551640748978,"w":-0.1648869663476944},"size":9.967619895935059,"orthographic":false}