{"cameraMode":{"drawMode":0,"name":"Shaded","section":"Shading Mode"},"sceneLighting":false,"audioPlay":false,"sceneViewState":{"m_AlwaysRefresh":false,"showFog":true,"showSkybox":false,"showFlares":true,"showImageEffects":true,"showParticleSystems":true,"showVisualEffectGraphs":true,"m_FxEnabled":true},"in2DMode":false,"pivot":{"x":121.28180694580078,"y":2.6437487602233888,"z":38.32563018798828},"rotation":{"x":-0.00021373204072006047,"y":-0.9992807507514954,"z":0.0011074428912252188,"w":-0.04171919450163841},"size":4.824406623840332,"orthographic":false}