{"cameraMode":{"drawMode":0,"name":"Shaded","section":"Shading Mode"},"sceneLighting":false,"audioPlay":false,"sceneViewState":{"m_AlwaysRefresh":false,"showFog":true,"showSkybox":false,"showFlares":true,"showImageEffects":true,"showParticleSystems":true,"showVisualEffectGraphs":true,"m_FxEnabled":true},"in2DMode":false,"pivot":{"x":66.30339813232422,"y":-0.15316632390022279,"z":-19.172473907470704},"rotation":{"x":-0.08180087059736252,"y":0.01616763323545456,"z":-0.0013010018737986684,"w":-0.9965680241584778},"size":17.246299743652345,"orthographic":false}