{"cameraMode":{"drawMode":0,"name":"Shaded","section":"Shading Mode"},"sceneLighting":false,"audioPlay":false,"sceneViewState":{"m_AlwaysRefresh":false,"showFog":true,"showSkybox":false,"showFlares":true,"showImageEffects":true,"showParticleSystems":true,"showVisualEffectGraphs":true,"m_FxEnabled":true},"in2DMode":false,"pivot":{"x":116.7728271484375,"y":-4.261924743652344,"z":4.078604698181152},"rotation":{"x":0.015566963702440262,"y":-0.9656432867050171,"z":0.25262385606765749,"w":0.05937518551945686},"size":12.565343856811524,"orthographic":false}