{"cameraMode":{"drawMode":0,"name":"Shaded","section":"Shading Mode"},"sceneLighting":false,"audioPlay":false,"sceneViewState":{"m_AlwaysRefresh":false,"showFog":true,"showSkybox":false,"showFlares":true,"showImageEffects":true,"showParticleSystems":true,"showVisualEffectGraphs":true,"m_FxEnabled":true},"in2DMode":false,"pivot":{"x":-15.610000610351563,"y":2.339411497116089,"z":-109.51000213623047},"rotation":{"x":0.002601410262286663,"y":0.9841640591621399,"z":-0.17672987282276154,"w":0.01422206312417984},"size":0.8660253882408142,"orthographic":false}