{"cameraMode":{"drawMode":0,"name":"Shaded","section":"Shading Mode"},"sceneLighting":false,"audioPlay":false,"sceneViewState":{"m_AlwaysRefresh":false,"showFog":true,"showSkybox":false,"showFlares":true,"showImageEffects":true,"showParticleSystems":true,"showVisualEffectGraphs":true,"m_FxEnabled":true},"in2DMode":false,"pivot":{"x":93.90326690673828,"y":28.04959487915039,"z":-102.67301940917969},"rotation":{"x":0.025443414226174356,"y":0.9203153252601624,"z":-0.060217998921871188,"w":0.38612332940101626},"size":79.22383117675781,"orthographic":false}