{"cameraMode":{"drawMode":0,"name":"Shaded","section":"Shading Mode"},"sceneLighting":false,"audioPlay":false,"sceneViewState":{"m_AlwaysRefresh":false,"showFog":true,"showSkybox":false,"showFlares":true,"showImageEffects":true,"showParticleSystems":true,"showVisualEffectGraphs":true,"m_FxEnabled":true},"in2DMode":false,"pivot":{"x":105.3052749633789,"y":9.030778884887696,"z":-4.398626327514648},"rotation":{"x":0.0036262741778045894,"y":0.977105975151062,"z":0.016490377485752107,"w":-0.21253550052642823},"size":31.083131790161134,"orthographic":false}