{"cameraMode":{"drawMode":0,"name":"Shaded","section":"Shading Mode"},"sceneLighting":false,"audioPlay":false,"sceneViewState":{"m_AlwaysRefresh":false,"showFog":true,"showSkybox":false,"showFlares":true,"showImageEffects":true,"showParticleSystems":true,"showVisualEffectGraphs":true,"m_FxEnabled":true},"in2DMode":false,"pivot":{"x":111.62316131591797,"y":4.621779441833496,"z":3.599806785583496},"rotation":{"x":0.008087464608252049,"y":-0.9903547763824463,"z":0.12205009907484055,"w":0.06604800373315811},"size":29.44673728942871,"orthographic":false}