{"cameraMode":{"drawMode":0,"name":"Shaded","section":"Shading Mode"},"sceneLighting":false,"audioPlay":false,"sceneViewState":{"m_AlwaysRefresh":false,"showFog":true,"showSkybox":false,"showFlares":true,"showImageEffects":true,"showParticleSystems":true,"showVisualEffectGraphs":true,"m_FxEnabled":true},"in2DMode":false,"pivot":{"x":119.59537506103516,"y":4.889070987701416,"z":-105.99258422851563},"rotation":{"x":0.19303514063358308,"y":0.5951579809188843,"z":-0.14969438314437867,"w":0.7658005356788635},"size":16.139829635620118,"orthographic":false}